URL;"Image URL";Price;Title;Description;Characteristics
https://4lapy.ru/product/gold-fish-akvarium-pryamougolnyj-35-l-s-kryshkoj-42x25x39-sm-5829-1037442/;https://4lapy.ru/_next/image/?url=https%3A%2F%2Fstorage.yandexcloud.net%2Fpim-core%2Fdbpim-prod_60865.jpg&w=3840&q=70;2395;"Голд Фиш  Аквариум прямоугольный (35 л, 42x25x35,6 см) с крышкой";"Аквариум AquaGold  — это стеклянный аквариум с пластиковой крышкой, оснащен отверстием для кормления рыб и выемками для вывода проводов для светильника.  Внимание!  Лампа и декорации в комплект не входят. Размеры сняты с внешних граней стеклянного корпуса и указаны без учета крышки.";"{""Артикул"":""1037442"",""Бренды"":""Голд Фиш"",""Страна-производитель"":""Россия"",""Для кого"":""Рыбы"",""Назначение"":""Аквариумы прямоугольные"",""Материал изготовления"":""Стекло""}"
https://4lapy.ru/product/kaskad-oshejnik-dlya-sobak-krupnyh-porod-s-gruzami-semnymi-7-sht-kozhanyj-dvojnoj-45-65x4-5-sm-16082-1017979/;https://4lapy.ru/_next/image/?url=https%3A%2F%2Fstorage.yandexcloud.net%2Fpim-core%2F340666.jpeg&w=3840&q=70;5865;"Каскад  Ошейник для собак кожаный с грузами, обхват шеи 45-65 см, ширина 4,5 см, черный";"Тренировочный ошейник для собак - находка для спортсменов. Поставляется с 7 литыми съемными грузами по 170 грамм каждый. Обхват шеи от 45 до 65 см, ширина 45 мм.";"{""Артикул"":""1017979"",""Бренды"":""Каскад"",""Страна-производитель"":""Россия"",""Для кого"":""Собаки"",""Назначение"":""Ошейники"",""Размер питомца"":""Крупный"",""Материал изготовления"":""Кожа"",""Базовый цвет"":""ЧЕРНЫЙ""}"
https://4lapy.ru/product/v-i-pet-v-i-pet-pro-oshejnik-dlya-sobak-krupnyh-porod-strogij-c-razvorotnoj-plastinoj-raznonapravlennye-zubya-70h3-8-sm-16736-1029718/;https://4lapy.ru/_next/image/?url=https%3A%2F%2Fstorage.yandexcloud.net%2Fpim-core%2Fdbpim-prod_46845.jpg&w=3840&q=70;2879;"V.I.Pet  -PRO Ошейник для собак крупных пород строгий c разворотной пластиной, разнонаправленные зубья 70х3,8 см";"Профессиональный. Предназначен для воспитания и подчинения собаки, а также сдерживания рвущихся собак средних и крупных пород.";"{""Артикул"":""1029718"",""Бренды"":""V.I.Pet"",""Страна-производитель"":""Россия"",""Для кого"":""Собаки"",""Назначение"":""Амуниция Строгачи"",""Размер питомца"":""Средний и крупный"",""Материал изготовления"":""Нержавеющая сталь"",""Базовый цвет"":""СЕРЫЙ"",""Обхват шеи"":""70.0""}"
https://4lapy.ru/product/pet-line-oshejnik-dlya-sobak-krupnyh-porod-strogij-55x3-2-sm-16702-1007291/;https://4lapy.ru/_next/image/?url=https%3A%2F%2Fstorage.yandexcloud.net%2Fpim-core%2Fdbpim-prod_10211.jpg&w=3840&q=70;1999;"Pet line  Ошейник для собак крупных пород строгий 55x3,2 см";;"{""Артикул"":""1007291"",""Бренды"":""Pet line"",""Страна-производитель"":""Китай"",""Для кого"":""Собаки"",""Назначение"":""Амуниция Строгачи"",""Размер питомца"":""Крупный"",""Материал изготовления"":""Металл"",""Базовый цвет"":""СЕРЫЙ"",""Обхват шеи"":""55.0""}"
https://4lapy.ru/product/arkon-oshejnik-dlya-sobak-krupnyh-porod-fetr-chernyj-krasnyj-40-54sm-h-2-5-sm-15805-1015433/;https://4lapy.ru/_next/image/?url=https%3A%2F%2Fstorage.yandexcloud.net%2Fpim-core%2Foffrc04b6acf60d738cdc6b9df7fb2d7f60c.jpg&w=3840&q=70;485;"Аркон  Ошейник для собак Фетр, обхват шеи 37-51 см, ширина 2,5 см, черно-красный";"Ошейник для собак из двухслойного материала: верхний слой - кожа, нижний слой - цветной фетр. Мягкая подкладка из фетра создает комфорт при носке ошейника, не вытирает кожу собаки и препятствует спутыванию шерсти. Декоративная строчка по всему ошейнику. Качественная фурнитура.   ";"{""Артикул"":""1015433"",""Бренды"":""Аркон"",""Страна-производитель"":""Россия"",""Для кого"":""Собаки"",""Назначение"":""Ошейники"",""Размер питомца"":""Крупный"",""Материал изготовления"":""Кожа"",""Базовый цвет"":""КРАСНЫЙ""}"
https://4lapy.ru/product/arkon-oshejnik-dlya-sobak-srednih-porod-fetr-chernyj-krasnyj-32-44x2-sm-15803-1015431/;https://4lapy.ru/_next/image/?url=https%3A%2F%2Fstorage.yandexcloud.net%2Fpim-core%2Foffr9fd98710cc50e45d5f214a0fa28656c1.jpg&w=3840&q=70;325;"Аркон  Ошейник для собак средних пород Фетр, 24-37x2 см, черно-красный";"Ошейник от Аркон «Фетр» 20 для всех пород средних и крупных собак.  Верхний слой аксессуара выполнен из натуральной кожи черного цвета, а нижний слой из мягкого фетра голубого оттенка. Поводок крепится к надежному пристяжному кольцу из металла. Ширина шлейки составляет 20 мм, а регулирующая длина – от 24 до 37 см. Аккуратная декоративная строчка подчеркнет индивидуальность воспитанника. Металлический замок на шлейке регулируется по окружности шеи животного.";"{""Артикул"":""1015431"",""Бренды"":""Аркон"",""Страна-производитель"":""Россия"",""Для кого"":""Собаки"",""Назначение"":""Ошейники"",""Размер питомца"":""Средний"",""Материал изготовления"":""Кожа"",""Базовый цвет"":""КРАСНЫЙ""}"
https://4lapy.ru/product/rungo-oshejnik-s-neoprenom-25mm-50sm-malinovyj-18668-1056906/;https://4lapy.ru/_next/image/?url=https%3A%2F%2Fstorage.yandexcloud.net%2Fpim-core%2F319298.jpeg&w=3840&q=70;847;"Rungo  Ошейник для собак, обхват шеи 50 см, ширина 2,5 см, малиновый";"Ошейник для собак от бренда Rungo – стильный, прочный и износостойкий аксессуар для комфортных прогулок.  Размеры: длина 50 см, ширина 25 мм.  Преимущества:";"{""Артикул"":""1056906"",""Бренды"":""Rungo"",""Страна-производитель"":""Китай"",""Для кого"":""Собаки"",""Назначение"":""Ошейники"",""Размер питомца"":""Все размеры"",""Материал изготовления"":""Биотан"",""Базовый цвет"":""РОЗОВЫЙ""}"
https://4lapy.ru/product/pet-line-oshejnik-strogij-dlya-sobak-srednih-porod-65-sm-3-8-mm-16700-1005717/;https://4lapy.ru/_next/image/?url=https%3A%2F%2Fstorage.yandexcloud.net%2Fpim-core%2Fdbpim-prod_10208.jpg&w=3840&q=70;2579;"Pet line  Ошейник для собак строгий, обхват шеи 63 см, ширина 3,8 см, серебряный";;"{""Артикул"":""1005717"",""Бренды"":""Pet line"",""Страна-производитель"":""Китай"",""Для кого"":""Собаки"",""Назначение"":""Амуниция Строгачи"",""Размер питомца"":""Крупный"",""Материал изготовления"":""Металл"",""Базовый цвет"":""СЕРЫЙ""}"
https://4lapy.ru/product/kaskad-oshejnik-dlya-sobak-srednih-porod-nejlon-s-ruchkoj-40-mm-obhvat-shei-40-60-sm-16116-1022307/;https://4lapy.ru/_next/image/?url=https%3A%2F%2Fstorage.yandexcloud.net%2Fpim-core%2Fdbpim-prod_20806.jpg&w=3840&q=70;959;"Каскад  Ошейник для собак средних пород нейлон с ручкой 40 мм, обхват шеи 40-60 см";"Каскад Ошейник нейлон 40 мм с ручкой , обхват шеи 40-60 см позволит легко и надежно схватит питомца за ошейник, без угрозы причинить ему дискомфорт излишним натягиванием ошейника. Такой ошейник полностью позволяет контролировать вашего питомца, что может быть необходимо во время дрессировки, посещения общественных мест, выставок.";"{""Артикул"":""1022307"",""Бренды"":""Каскад"",""Страна-производитель"":""Россия"",""Для кого"":""Собаки"",""Назначение"":""Ошейники"",""Размер питомца"":""Средний"",""Материал изготовления"":""Нейлон"",""Базовый цвет"":""ЧЕРНЫЙ""}"
https://4lapy.ru/product/pet-line-oshejnik-dlya-krupnyh-sobak-strogij-s-karabinom-3-8-mm-h-26-65-sm-16689-1000485/;https://4lapy.ru/_next/image/?url=https%3A%2F%2Fstorage.yandexcloud.net%2Fpim-core%2Fdbpim-prod_10194.jpg&w=3840&q=70;1915;"Pet line  Ошейник для собак строгий, обхват шеи 65 см, ширина 3,8 см, серебряный";;"{""Артикул"":""1000485"",""Бренды"":""Pet line"",""Страна-производитель"":""Китай"",""Для кого"":""Собаки"",""Назначение"":""Амуниция Строгачи"",""Размер питомца"":""Крупный"",""Материал изготовления"":""Металл"",""Базовый цвет"":""СЕРЫЙ""}"
https://4lapy.ru/product/rungo-oshejnik-s-neoprenom-20mm-35sm-oranzhevyj-18666-1056904/;https://4lapy.ru/_next/image/?url=https%3A%2F%2Fstorage.yandexcloud.net%2Fpim-core%2F319278.jpeg&w=3840&q=70;725;"Rungo  Ошейник из биотана с неопреном для собак, 2х35 см, оранжевый";"Ошейник для собак от бренда Rungo – стильный, прочный и износостойкий аксессуар для комфортных прогулок.  Размеры: длина 35 см, ширина 20 мм. Преимущества:";"{""Артикул"":""1056904"",""Бренды"":""Rungo"",""Страна-производитель"":""Китай"",""Для кого"":""Собаки"",""Назначение"":""Ошейники"",""Размер питомца"":""Все размеры"",""Материал изготовления"":""Биотан"",""Базовый цвет"":""ОРАНЖЕВЫЙ""}"
https://4lapy.ru/product/ferplast-oshejnik-dlya-sobak-krupnyh-porod-sport-dog-45-55-sm-shirina-25-mm-sinij-17504-1021476/;https://4lapy.ru/_next/image/?url=https%3A%2F%2Fstorage.yandexcloud.net%2Fpim-core%2Fdbpim-prod_32412.jpg&w=3840&q=70;1849;"Ferplast  Ошейник для собак крупных пород Sport Dog, 45-55 см, ширина 25 мм, синий";;"{""Артикул"":""1021476"",""Бренды"":""Ferplast"",""Страна-производитель"":""Италия"",""Для кого"":""Собаки"",""Назначение"":""Ошейники"",""Размер питомца"":""Крупный"",""Материал изготовления"":""Нейлон"",""Базовый цвет"":""СИНИЙ""}"
https://4lapy.ru/product/arkon-oshejnik-candy-kruglyj-rozovyj-91007-1063684/;https://4lapy.ru/_next/image/?url=https%3A%2F%2Fstorage.yandexcloud.net%2Fpim-core%2F351412.jpeg&w=3840&q=70;277;"Аркон  Ошейник круглый для кошек и собак мелких пород Candy, обхват шеи 21-29 см, розовый";"Мягкий круглый ошейник серии Candy от Аркон из эко-кожи для маленьких собак. Подарите пушистому другу стиль и комфорт с мягким круглым ошейником из эко-кожи Candy! Этот ошейник не только выглядит элегантно и ярко, но и обеспечивает максимальное удобство для собаки. А за счет своей круглой формы не вытирает шерсть даже очень пушистым питомцам. Основные характеристики:";"{""Артикул"":""1063684"",""Бренды"":""Аркон"",""Страна-производитель"":""Россия"",""Для кого"":""Кошки и собаки"",""Назначение"":""Ошейники"",""Размер питомца"":""Мелкий"",""Материал изготовления"":""Экокожа"",""Размер"":""21-29 см"",""Базовый цвет"":""РОЗОВЫЙ""}"
https://4lapy.ru/product/rungo-oshejnik-iz-biotana-s-fasteksom-matovyj-rozovyj-15mm-obhvat-shei-20-31-sm-18653-1055237/;https://4lapy.ru/_next/image/?url=https%3A%2F%2Fstorage.yandexcloud.net%2Fpim-core%2F367086.jpeg&w=3840&q=70;287;"Rungo  Ошейник из биотана для собак, обхват шеи 20-31 см, ширина 1,5 см, розовый";"Ошейники из биотана (высокотехнологичного материала, изготовленного из нейлона и термопластичного полиуретана. Биотан имеет ряд преимуществ по сравнению с традиционными материалами, использующимися для изготовления амуниции для собак: Преимущества:";"{""Артикул"":""1055237"",""Бренды"":""Rungo"",""Страна-производитель"":""Россия"",""Для кого"":""Собаки"",""Назначение"":""Ошейники"",""Размер питомца"":""Мелкий"",""Материал изготовления"":""Биотан"",""Размер"":""20-31х1,5 см"",""Базовый цвет"":""РОЗОВЫЙ""}"
https://4lapy.ru/product/kaskad-oshejnik-strogij-s-metal-fasteksom-2-polukoltsa-shirina-20mm-dlina-59sm-89324-1062903/;https://4lapy.ru/_next/image/?url=https%3A%2F%2Fstorage.yandexcloud.net%2Fpim-core%2F340689.jpeg&w=3840&q=70;1457;"Каскад  Ошейник для собак строгий, обхват шеи 59 см, ширина 2 см, серебряный";"Ошейник строгий с метал. фастексом (2 полукольца) ширина 20мм, длина 59см. Ошейник строгий, парфорс состоит из стальных звеньев с шипами, одной металлической застежки – фастекс, крепящейся к конечным стальным пластинам синтетической тесьмой шириной , имеющей на концах соединений два стальных сварных кольца. Особенностью ошейника является центральное расположение металлической застежки - фастекс, позволяющей добиться оптимального положения ошейника на собаке. Два сварных стальных кольца позволяют крепко зафиксировать ошейник к поводку строго по центру. Конструкция ошейника позволяет убирать и добавлять его звенья в зависимости от размера шеи собаки.";"{""Артикул"":""1062903"",""Бренды"":""Каскад"",""Страна-производитель"":""Россия"",""Для кого"":""Собаки"",""Назначение"":""Ошейники"",""Размер питомца"":""Крупный"",""Материал изготовления"":""Металл"",""Базовый цвет"":""СЕРЫЙ""}"
https://4lapy.ru/product/arkon-oshejnik-dlya-sobak-srednih-porod-fetr-chernyj-goluboj-32-44x2-sm-15802-1015430/;https://4lapy.ru/_next/image/?url=https%3A%2F%2Fstorage.yandexcloud.net%2Fpim-core%2Foffr98817bfc1b729b5d860a34fdcee572a1.jpg&w=3840&q=70;325;"Аркон  Ошейник для собак Фетр, обхват шеи 24-36 см, ширина 2 см, черно-голубой";;"{""Артикул"":""1015430"",""Бренды"":""Аркон"",""Страна-производитель"":""Россия"",""Для кого"":""Собаки"",""Назначение"":""Ошейники"",""Размер питомца"":""Средний"",""Материал изготовления"":""Кожа"",""Базовый цвет"":""ГОЛУБОЙ""}"
https://4lapy.ru/product/kaskad-oshejnik-dlya-sobak-krupnyh-porod-kozhanyj-dvojnoj-45mm-16051-1001510/;https://4lapy.ru/_next/image/?url=https%3A%2F%2Fstorage.yandexcloud.net%2Fpim-core%2Fdbpim-prod_17353.jpg&w=3840&q=70;1255;"Каскад  Ошейник для собак кожаный, обхват шеи 63-72 см, ширина 4,5 см, черный";;"{""Артикул"":""1001510"",""Бренды"":""Каскад"",""Страна-производитель"":""Россия"",""Для кого"":""Собаки"",""Назначение"":""Ошейники"",""Размер питомца"":""Крупный"",""Материал изготовления"":""Кожа"",""Базовый цвет"":""РАЗНОЦВЕТНЫЙ""}"
https://4lapy.ru/product/rungo-oshejnik-s-neoprenom-20mm-45sm-zheltyj-18667-1056905/;https://4lapy.ru/_next/image/?url=https%3A%2F%2Fstorage.yandexcloud.net%2Fpim-core%2F319288.jpeg&w=3840&q=70;749;"Rungo  Ошейник для собак, обхват шеи 45 см, ширина 2 см, желтый";"Ошейник для собак от бренда Rungo – стильный, прочный и износостойкий аксессуар для комфортных прогулок.   Размеры: длина 45 см, ширина 20 мм.";"{""Артикул"":""1056905"",""Бренды"":""Rungo"",""Страна-производитель"":""Китай"",""Для кого"":""Собаки"",""Назначение"":""Ошейники"",""Размер питомца"":""Все размеры"",""Материал изготовления"":""Биотан"",""Базовый цвет"":""ЖЕЛТЫЙ""}"
https://4lapy.ru/product/arkon-oshejnik-candy-kruglyj-goluboj-91005-1063682/;https://4lapy.ru/_next/image/?url=https%3A%2F%2Fstorage.yandexcloud.net%2Fpim-core%2F351397.jpeg&w=3840&q=70;277;"Аркон  Ошейник круглый для кошек и собак мелких пород Candy, обхват шеи 21-29 см, голубой";"Мягкий круглый ошейник серии Candy от Аркон из эко-кожи для маленьких собак. Подарите пушистому другу стиль и комфорт с мягким круглым ошейником из эко-кожи Candy! Этот ошейник не только выглядит элегантно и ярко, но и обеспечивает максимальное удобство для собаки. А за счет своей круглой формы не вытирает шерсть даже очень пушистым питомцам. Основные характеристики:";"{""Артикул"":""1063682"",""Бренды"":""Аркон"",""Страна-производитель"":""Россия"",""Для кого"":""Кошки и собаки"",""Назначение"":""Ошейники"",""Размер питомца"":""Мелкий"",""Материал изготовления"":""Экокожа"",""Размер"":""21-29 см"",""Базовый цвет"":""ГОЛУБОЙ""}"
https://4lapy.ru/product/kaskad-oshejnik-kozhanyj-dvojnoj-proshityj-s-kozhanoj-ruchkoj-shir-25mm-obh-shei40-55-sm-16119-1037109/;https://4lapy.ru/_next/image/?url=https%3A%2F%2Fstorage.yandexcloud.net%2Fpim-core%2Fdbpim-prod_60503.jpg&w=3840&q=70;849;"Каскад  Ошейник кожаный двойной прошитый с кожаной ручкой, шир. 25мм, обх. шеи40-55 см";;"{""Артикул"":""1037109"",""Бренды"":""Каскад"",""Страна-производитель"":""Россия"",""Для кого"":""Собаки"",""Назначение"":""Ошейники"",""Размер питомца"":""Средний"",""Материал изготовления"":""Кожа"",""Базовый цвет"":""ЧЕРНЫЙ""}"
https://4lapy.ru/product/kaskad-oshejnik-s-shipami-kozhanyj-dvojnoj-shirina-25mm-obhvat-shei-39-46-16133-1038223/;https://4lapy.ru/_next/image/?url=https%3A%2F%2Fstorage.yandexcloud.net%2Fpim-core%2Fdbpim-prod_62302.jpg&w=3840&q=70;665;"Каскад  Ошейник для собак, обхват шеи 39-46 см, ширина 2,5 см, черный";"Ошейник с шипами кожаный двойной ширина 25 мм, обхват шеи 39-46 см";"{""Артикул"":""1038223"",""Бренды"":""Каскад"",""Страна-производитель"":""Россия"",""Для кого"":""Собаки"",""Назначение"":""Ошейники"",""Размер питомца"":""Средний"",""Материал изготовления"":""Кожа"",""Базовый цвет"":""ЧЕРНЫЙ""}"
https://4lapy.ru/product/arkon-oshejnik-dlya-sobak-krupnyh-porod-fetr-chernyj-krasnyj-44-58sm-h-3-5-sm-15808-1015436/;https://4lapy.ru/_next/image/?url=https%3A%2F%2Fstorage.yandexcloud.net%2Fpim-core%2Foffrb1188522c336ce339af25b216e44b986.jpg&w=3840&q=70;655;"Аркон  Ошейник для собак Фетр, обхват шеи 42-56 см, ширина 3,5 см, черно-красный";"Ошейник для собак из двухслойного материала: верхний слой – кожа, нижний слой – цветной фетр. Мягкая подкладка из фетра создает комфорт при носке ошейника, не вытирает кожу собаки и препятствует спутыванию шерсти. Декоративная строчка по всему ошейнику. Качественная фурнитура.     Размер: 42-56 см";"{""Артикул"":""1015436"",""Бренды"":""Аркон"",""Страна-производитель"":""Россия"",""Для кого"":""Собаки"",""Назначение"":""Ошейники"",""Размер питомца"":""Крупный"",""Материал изготовления"":""Кожа"",""Базовый цвет"":""КРАСНЫЙ""}"
https://4lapy.ru/product/ferplast-oshejnik-dlya-sobak-daytona-55-63-sm-40-mm-krasnyj-17722-1038298/;https://4lapy.ru/_next/image/?url=https%3A%2F%2Fstorage.yandexcloud.net%2Fpim-core%2Fdbpim-prod_62376.jpg&w=3840&q=70;1627;"Ferplast  Ошейник для собак Daytona, обхват шеи 55-63 см, ширина 4 см, красный";"Очень удобный для шеи Вашего четвероногого друга, благодаря мягкой подкладке, нейлоновый ошейник Daytona имеет четыре отверстия для регулировки длины и металлическую застежку. Благодаря внутренней подкладке, он очень мягок для шеи Вашего животного. Линия ошейников Daytona доступна в 7 размерах и следующих цветах: черный, красный, синий и новый коричневый. Выбирая ошейники, Вы также можете найти полную линейку нейлоновых поводков и шлеек для любых собак.    Размер: А 55-63 см; B: 40 мм";"{""Артикул"":""1038298"",""Бренды"":""Ferplast"",""Страна-производитель"":""Италия"",""Для кого"":""Собаки"",""Назначение"":""Ошейники"",""Размер питомца"":""Крупный"",""Материал изготовления"":""Нейлон"",""Базовый цвет"":""КРАСНЫЙ""}"
https://4lapy.ru/product/rungo-oshejnik-iz-biotana-s-fasteksom-25mm-obhvat-shei-37-55sm-matovyj-olivkovyj-18656-1055240/;https://4lapy.ru/_next/image/?url=https%3A%2F%2Fstorage.yandexcloud.net%2Fpim-core%2F367116.jpeg&w=3840&q=70;649;"Rungo  Ошейник из биотана для собак, обхват шеи 37-55 см, ширина 2,5 см, оливковый";"Ошейники из биотана (высокотехнологичного материала, изготовленного из нейлона и термопластичного полиуретана. Биотан имеет ряд преимуществ по сравнению с традиционными материалами, использующимися для изготовления амуниции для собак: Преимущества:";"{""Артикул"":""1055240"",""Бренды"":""Rungo"",""Страна-производитель"":""Россия"",""Для кого"":""Собаки"",""Назначение"":""Ошейники"",""Размер питомца"":""Мелкий"",""Материал изготовления"":""Биотан"",""Размер"":""37-55х2,5 см"",""Базовый цвет"":""ЗЕЛЕНЫЙ""}"
https://4lapy.ru/product/ferplast-oshejnik-dlya-sobak-srednih-porod-daytona-arancio-collare-45-53-sm-25-mm-oranzhevyj-17508-1022043/;https://4lapy.ru/_next/image/?url=https%3A%2F%2Fstorage.yandexcloud.net%2Fpim-core%2Fdbpim-prod_21475.jpg&w=3840&q=70;1049;"Ferplast  Ошейник для собак Daytona Arancio Collare, обхват шеи 45-53 см, ширина 2,5 см, оранжевый";;"{""Артикул"":""1022043"",""Бренды"":""Ferplast"",""Страна-производитель"":""Италия"",""Для кого"":""Собаки"",""Назначение"":""Ошейники"",""Размер питомца"":""Средний"",""Материал изготовления"":""Нейлон"",""Базовый цвет"":""ОРАНЖЕВЫЙ""}"
https://4lapy.ru/product/rurri-shnurok-dlya-adresnika-svetootrazhayushchij-iz-parashyutnogo-parakorda-razmer25-45-sm-v-tsvete-20033-1054650/;https://4lapy.ru/_next/image/?url=https%3A%2F%2Fstorage.yandexcloud.net%2Fpim-core%2Fdbpim-prod_113709.jpg&w=3840&q=70;279;"RURRI  Шнурок для адресника светоотражающий из парашютного паракорда для кошек и собак, обхват шеи 25-45 см, в цвете";"Внимание! Адресник не входит в комплект! Шнурок для адресника от Rurri изготовлен из качественного прочного паракорда и подходит для собак средних и крупных пород. Преимущества:";"{""Артикул"":""1054650"",""Бренды"":""RURRI"",""Страна-производитель"":""Россия"",""Для кого"":""Кошки и собаки"",""Назначение"":""Шнурки для адресников"",""Размер питомца"":""Мелкий и средний"",""Материал изготовления"":""Нейлон"",""Размер"":""25-45 см"",""Базовый цвет"":""РАЗНОЦВЕТНЫЙ"",""Обхват шеи"":""45.0""}"
https://4lapy.ru/product/arkon-oshejnik-dlya-sobak-melkih-porod-fetr-chernyj-krasnyj-26-30h1-6-sm-15800-1015426/;https://4lapy.ru/_next/image/?url=https%3A%2F%2Fstorage.yandexcloud.net%2Fpim-core%2Foffr16f569f7a86fbe57ed288b702c0c44db.jpg&w=3840&q=70;219;"Аркон  Ошейник для собак Фетр, обхват шеи 20-28 см, ширина 1,6 см, черно-красный";;"{""Артикул"":""1015426"",""Бренды"":""Аркон"",""Страна-производитель"":""Россия"",""Для кого"":""Собаки"",""Назначение"":""Ошейники"",""Размер питомца"":""Мелкий"",""Материал изготовления"":""Кожа"",""Базовый цвет"":""КРАСНЫЙ""}"
https://4lapy.ru/product/petmax-oshejnik-dlya-koshek-nejlon-s-adresnikom-10mm-30sm-raduzhnyj-13143-1057031/;https://4lapy.ru/_next/image/?url=https%3A%2F%2Fstorage.yandexcloud.net%2Fpim-core%2F317503.jpeg&w=3840&q=70;277;"Petmax  Ошейник нейлоновый со светоотражающим адресником для кошек и собак мелких пород, 1х30 см, радужный";"Ошейник для кошек с колокольчиком и адресником от бренда Petmax – это надежный аксессуар для безопасности вашего питомца.  Размеры: максимальная длина 30 см, ширина 1 см. Преимущества:";"{""Артикул"":""1057031"",""Бренды"":""Petmax"",""Страна-производитель"":""Китай"",""Для кого"":""Кошки"",""Назначение"":""Ошейники"",""Размер питомца"":""Все размеры"",""Материал изготовления"":""Нейлон"",""Размер"":""30 см"",""Базовый цвет"":""КРАСНЫЙ""}"
https://4lapy.ru/product/kaskad-oshejnik-s-shipami-kozhanyj-dvojnoj-shirina-35mm-obhvat-shei-50-59-16135-1038225/;https://4lapy.ru/_next/image/?url=https%3A%2F%2Fstorage.yandexcloud.net%2Fpim-core%2Fdbpim-prod_62304.jpg&w=3840&q=70;999;"Каскад  Ошейник для собак, обхват шеи 50-59 см, ширина 3,5 см, черный";"Ошейник с шипами кожаный двойной ширина 35 мм, обхват шеи 50-59 см.";"{""Артикул"":""1038225"",""Бренды"":""Каскад"",""Страна-производитель"":""Россия"",""Для кого"":""Собаки"",""Назначение"":""Ошейники"",""Размер питомца"":""Средний и крупный"",""Материал изготовления"":""Кожа"",""Базовый цвет"":""ЧЕРНЫЙ""}"
https://4lapy.ru/product/v-i-pet-v-i-pet-pro-oshejnik-dlya-sobak-krupnyh-porod-strogij-75h3-8-sm-16737-1032125/;https://4lapy.ru/_next/image/?url=https%3A%2F%2Fstorage.yandexcloud.net%2Fpim-core%2Fdbpim-prod_51183.jpg&w=3840&q=70;2737;"Zoo One  Ошейник для собак строгий, обхват шеи 73-75 см, ширина 3,8 см, серебряный";"Профессиональный. Предназначен для воспитания и подчинения собаки, а также сдерживания рвущихся собак средних и крупных пород.";"{""Артикул"":""1032125"",""Бренды"":""Zoo One"",""Страна-производитель"":""Россия"",""Для кого"":""Собаки"",""Назначение"":""Амуниция Строгачи"",""Размер питомца"":""Крупный"",""Материал изготовления"":""Нержавеющая сталь"",""Базовый цвет"":""СЕРЫЙ""}"
https://4lapy.ru/product/rungo-oshejnik-s-neoprenom-25mm-55sm-goluboj-18669-1056907/;https://4lapy.ru/_next/image/?url=https%3A%2F%2Fstorage.yandexcloud.net%2Fpim-core%2F319308.jpeg&w=3840&q=70;865;"Rungo  Ошейник из биотана с неопреном для собак, 2,5х55 см, голубой";"Ошейник для собак от бренда Rungo – стильный, прочный и износостойкий аксессуар для комфортных прогулок.  Размеры: длина 55 см, ширина 25 мм.  Преимущества:";"{""Артикул"":""1056907"",""Бренды"":""Rungo"",""Страна-производитель"":""Китай"",""Для кого"":""Собаки"",""Назначение"":""Ошейники"",""Размер питомца"":""Все размеры"",""Материал изготовления"":""Биотан"",""Базовый цвет"":""ГОЛУБОЙ""}"
https://4lapy.ru/product/ferplast-domik-derevyannyj-nido-dlya-ptits-medium-190h140h140-mm-14957-1000499/;https://4lapy.ru/_next/image/?url=https%3A%2F%2Fstorage.yandexcloud.net%2Fpim-core%2Fdbpim-prod_9762.jpg&w=3840&q=70;675;"Ferplast  Домик деревянный Нидо для птиц, медиум, 190х140х140 мм";"Домик-гнездо для птиц из дерева. Идеальный аксессуар для всех птичьих клеткок. 5 специальных размеров для канареек, экзотических птиц, волнистых попугаев и корелл. Изготовлен из сертифицированной FSC™ древесины. Преимущества: Размеры: 190х140х140 мм.";"{""Артикул"":""1000499"",""Бренды"":""Ferplast"",""Страна-производитель"":""Италия"",""Для кого"":""Птицы"",""Назначение"":""Дом деревянный"",""Размер питомца"":""Все размеры"",""Материал изготовления"":""Дерево""}"
https://4lapy.ru/product/ferplast-domik-derevyannyj-nido-dlya-ptits-smajl-130h120h170-mm-14959-1000501/;https://4lapy.ru/_next/image/?url=https%3A%2F%2Fstorage.yandexcloud.net%2Fpim-core%2Fdbpim-prod_9766.jpg&w=3840&q=70;539;"Ferplast  Домик деревянный Нидо для птиц, смайл, 130х120х170 мм";"Домик-гнездо для птиц из дерева Идеальный аксессуар для всех птичьих клеток 5 специальных размеров для канареек, экзотических птиц, волнистых попугаев и корелл Изготовлен из сертифицированной FSC™ древесины Преимущества: Размеры: 130х120х170 мм.";"{""Артикул"":""1000501"",""Бренды"":""Ferplast"",""Страна-производитель"":""Италия"",""Для кого"":""Птицы"",""Назначение"":""Дом деревянный"",""Размер питомца"":""Все размеры"",""Материал изготовления"":""Дерево""}"
https://4lapy.ru/product/ferplast-domik-derevyannyj-nido-dlya-ptits-mini-11-5x12-5x12-sm-14958-1000500/;https://4lapy.ru/_next/image/?url=https%3A%2F%2Fstorage.yandexcloud.net%2Fpim-core%2Fdbpim-prod_9764.jpg&w=3840&q=70;415;"Ferplast  Домик деревянный Нидо для птиц, мини, 11,5x12,5x12 см";"Домик-гнездо для птиц из дерева. Идеальный аксессуар для всех птичьих клеток 5 специальных размеров для канареек, экзотических птиц, волнистых попугаев и корелл. Изготовлен из сертифицированной FSC™ древесины Преимущества: Размер: 11,5x12,5x12 см";"{""Артикул"":""1000500"",""Бренды"":""Ferplast"",""Страна-производитель"":""Италия"",""Для кого"":""Птицы"",""Назначение"":""Дом деревянный"",""Размер питомца"":""Все размеры"",""Материал изготовления"":""Дерево""}"
https://4lapy.ru/product/ferplast-domik-gnezdo-nido-extra-large-dlya-ptits-naruzhnyj-14960-1024913/;https://4lapy.ru/_next/image/?url=https%3A%2F%2Fstorage.yandexcloud.net%2Fpim-core%2Fdbpim-prod_35774.jpg&w=3840&q=70;2069;"Ferplast  Домик-гнездо NIDO Extra Large для птиц наружный";"Дает возможность птицам уютно гнездиться в спокойствии. Наши домики могут крепится к любой из клеток Ferplast. Домики снабжены металическими крючками для присоединения к среде обитания ваших птиц, оснащены съемной крышкой, позволяющей быстро чистить и ухаживать за ними. Доступны в пяти размерах и имеют специальное входное отверствие обеспечивающее легкий доступ вашим крылатым. В зависимости от модели диаметр входного отверстия гнезда составляет от 4 до 8 см. Для канареек и экзотических птицы, например, больше подходит Nido Mini, Small и Medium, а модели Large и Extra Large лучше всего подходят для волнистых попугайчиков и кореллы.  Все гнезда изготовлены из древесины , сертифицированной по схеме FSC™ и добываемой только в лесах, легально и ответственно управляемых лесозаготовительными предприятиями, в соответствии со строгими экологическими, социальными и экономическими стандартами, а также в других контролируемых местах происхождения лесоматериала.";"{""Артикул"":""1024913"",""Бренды"":""Ferplast"",""Страна-производитель"":""Италия"",""Для кого"":""Птицы"",""Назначение"":""Дом деревянный"",""Размер питомца"":""Средний и крупный"",""Материал изготовления"":""Дерево""}"
https://4lapy.ru/product/ferplast-domik-derevyannyj-nido-dlya-ptits-lardzh-250h170h170-mm-14956-1000498/;https://4lapy.ru/_next/image/?url=https%3A%2F%2Fstorage.yandexcloud.net%2Fpim-core%2Fdbpim-prod_9760.jpg&w=3840&q=70;945;"Ferplast  Домик деревянный Нидо для птиц, лардж, 250х170х170 мм";;"{""Артикул"":""1000498"",""Бренды"":""Ferplast"",""Страна-производитель"":""Россия"",""Для кого"":""Птицы"",""Назначение"":""Дом деревянный"",""Размер питомца"":""Все размеры"",""Материал изготовления"":""Дерево""}"
https://4lapy.ru/product/petmax-skvorechnik-dlya-ptits-14963-1051839/;https://4lapy.ru/_next/image/?url=https%3A%2F%2Fstorage.yandexcloud.net%2Fpim-core%2Fdbpim-prod_102150.jpg&w=3840&q=70;565;"Petmax  Скворечник для птиц";"Petmax Скворечник для уличных птиц сборный.  Размер: 17,5х16х21,5 см";"{""Артикул"":""1051839"",""Бренды"":""Petmax"",""Страна-производитель"":""Россия"",""Для кого"":""Птицы"",""Назначение"":""Скворечник"",""Размер питомца"":""Мелкий"",""Материал изготовления"":""Дерево""}"
https://4lapy.ru/product/ferplast-domik-skvorechnik-derevyannyj-dlya-ptits-natura-fun1-13-2x17-2x13-8-sm-14962-1031998/;https://4lapy.ru/_next/image/?url=https%3A%2F%2Fstorage.yandexcloud.net%2Fpim-core%2Fdbpim-prod_51036.jpg&w=3840&q=70;1357;"Ferplast  Домик-скворечник деревянный для птиц Natura Fun1, 13,2x17,2x13,8 см";"Вы хотите проявить заботу о птицах, обитающих в естественной среде, помочь им с едой и кровом, вовлекая в этот процесс ваших детей?! Для этого создана веселая разноцветная линия домиков-гнезд от Ferplast! Домики-гнезда сделаны из древесины марки TREE FRIEND, означающей, что дерево было срублено на участках с разрешения и под управлением организаций, осуществляющих контроль над сохранением мировых лесов и предотвращению их вырубки на нашей планете. При окраске использовалась абсолютно не токсичная краска. Домики сделаны в оригинальных забавных формах, имеют внутреннее пространство для выведения потомства. Отлично подходят для улицы и оборудованы специальным металлическим крючком для крепления их к деревьям в вашем саду. Просто представьте их среди листьев - благодаря ярким цветам, нет сомнений в том, что они будут создавать очаровательный эффект.   Nest Fun 1 имеет маленькое отверстие в верхней части и форму в виде сердца. Этот домик поставляется в комплекте с адаптером, позволяющим подобрать идеальное входное отверстие: стандартное отверстие диаметром 32 мм, в комплекте адаптер диаметром 28мм. Вход подбирается в соответствии с видом птиц, о которых вы собираетесь позаботиться.";"{""Артикул"":""1031998"",""Бренды"":""Ferplast"",""Страна-производитель"":""Италия"",""Для кого"":""Птицы"",""Назначение"":""Скворечник"",""Размер питомца"":""Мелкий"",""Материал изготовления"":""Дерево""}"
https://4lapy.ru/product/ferplast-domik-skvorechnik-derevyannyj-dlya-ptits-natura-n2-19-7x17x27-sm-14961-1031997/;https://4lapy.ru/_next/image/?url=https%3A%2F%2Fstorage.yandexcloud.net%2Fpim-core%2Fdbpim-prod_51035.jpg&w=3840&q=70;1345;"Ferplast  Домик-скворечник деревянный для птиц Natura N2, 19,7x17x27 см";"Если вы хотите проявить заботу о птицах, обитающих в естественной среде, и помочь им с едой и кровом, вы нашли правильный продукт! Домики-гнезда от Ferplast имеют внутреннее пространство для выведения потомства. Отлично подходят для улицы и оборудованы специальным металлическим крючком для крепления их к деревьям в вашем саду. Nest 2 имеет маленькое отверствие наверху и скошенную крышу.    Все продукты этой серии сделаны из древесины марки TREE FRIEND, означающей, что дерево было срублено на участках с разрешения и под управлением организаций, осуществляющих контроль над сохранением мировых лесов и предотвращению их вырубки на нашей планете.";"{""Артикул"":""1031997"",""Бренды"":""Ferplast"",""Страна-производитель"":""Италия"",""Для кого"":""Птицы"",""Назначение"":""Скворечник"",""Размер питомца"":""Мелкий"",""Материал изготовления"":""Дерево""}"
https://4lapy.ru/product/darell-nabor-dlya-sborki-skvorechnika-svoimi-rukami-tirol-srednij-sdvuskatnoj-kryshej-massiv-dereva-21h21h41-sm-14966-1032476/;https://4lapy.ru/_next/image/?url=https%3A%2F%2Fstorage.yandexcloud.net%2Fpim-core%2Fdbpim-prod_51636.jpg&w=3840&q=70;925;"Дарэлл  Набор для сборки скворечника Своими руками, Тироль, средний, сдвускатной крышей, массив дерева 21х21х41 см";"Деревянный скворечник для самостоятельной сборки, с двускатной крышей, средних размеров. Предназначен для птиц.";"{""Артикул"":""1032476"",""Бренды"":""Дарэлл"",""Страна-производитель"":""Россия"",""Для кого"":""Птицы"",""Назначение"":""Скворечник"",""Размер питомца"":""Мелкий"",""Материал изготовления"":""Дерево""}"
https://4lapy.ru/product/trixie-palatka-dlya-ptits-19h20h17-cm-14964-1028909/;https://4lapy.ru/_next/image/?url=https%3A%2F%2Fstorage.yandexcloud.net%2Fpim-core%2Fdbpim-prod_45436.jpg&w=3840&q=70;865;"Trixie  Палатка для птиц, 19х20х17 cм";"Деревянная палатка для птиц с тканевым чехлом и съемной ставкой. Имеет специальное удобное крепление для размещения в клетке.";"{""Артикул"":""1028909"",""Бренды"":""Trixie"",""Страна-производитель"":""Китай"",""Для кого"":""Птицы"",""Назначение"":""Домики и укрытия"",""Размер питомца"":""Все размеры"",""Материал изготовления"":""Дерево""}"
https://4lapy.ru/product/ferplast-domik-derevyannyj-dlya-ptits-natura-n3-21-3x21x16-6-sm-42721-1031996/;https://4lapy.ru/_next/image/?url=https%3A%2F%2Fstorage.yandexcloud.net%2Fpim-core%2Fdbpim-prod_51034.jpg&w=3840&q=70;1219;"Ferplast  Домик деревянный для птиц Natura N3, 21,3x21x16,6 см";"Если вы хотите проявить заботу о птицах, обитающих в естественной среде, и помочь им с едой и кровом, вы нашли правильный продукт! Домики-гнезда от Ferplast имеют внутреннее пространство для выведения потомства. Отлично подходят для улицы и оборудованы специальным металлическим крючком для крепления их к деревьям в вашем саду. Nest 3 сделан в форме домика со скошенной крышей и маленьким входным отверстием.   Домик поставляется с разными адаптерами, которыми вы можете отрегулировать размер входного отверстия: стандартное отверстие диаметром 39 мм, в комплекте два адаптера диаметром 28 мм и 32 мм. Вход подбирается в соответствии с видом птиц, о которых вы собираетесь позаботиться.   Все продукты этой серии сделаны из древесины марки TREE FRIEND, означающей, что дерево было срублено на участках с разрешения и под управлением организаций, осуществляющих контроль над сохранением мировых лесов и предотвращению их вырубки на нашей планете.";"{""Артикул"":""1031996"",""Бренды"":""Ferplast"",""Страна-производитель"":""Италия"",""Для кого"":""Птицы"",""Назначение"":""Скворечник"",""Размер питомца"":""Мелкий"",""Материал изготовления"":""Дерево""}"
https://4lapy.ru/product/ferplast-domik-skvorechnik-derevyannyj-dlya-ptits-natura-fun2-15-2x15-8x13-8-sm-42722-1031999/;https://4lapy.ru/_next/image/?url=https%3A%2F%2Fstorage.yandexcloud.net%2Fpim-core%2Fdbpim-prod_51037.jpg&w=3840&q=70;1357;"Ferplast  Домик-скворечник деревянный для птиц Natura Fun2, 15,2x15,8x13,8 см";;"{""Артикул"":""1031999"",""Бренды"":""Ferplast"",""Страна-производитель"":""Италия"",""Для кого"":""Птицы"",""Назначение"":""Скворечник"",""Размер питомца"":""Мелкий"",""Материал изготовления"":""Дерево""}"
